{
    "Deep Matrix Factorization": {
        "RMSE": 0.8505356311798096,
        "MAE": 0.7171936631202698,
        "R2": 0.5810662225366143,
        "Precision": 0.6660795861082063,
        "Recall": 0.8043333776418982,
        "Accuracy": 0.7006013888427418,
        "F1": 0.7287069095288273
    }
}